zipcode,borough,existing_slots,expanded_slots,new_slots,final_slots,req_total,existing_0_5,added_0_5,final_0_5,req_0_5,desert_ok,u5_ok
10001,Manhattan,609,472.0,0.0,1081.0,667,24,472.0,496.0,496,True,True
10002,Manhattan,4724,1212.0,0.0,5936.0,3394,216,1212.0,1428.0,1428,True,True
10003,Manhattan,1995,960.0,0.0,2955.0,984,0,960.0,960.0,960,True,True
10004,Manhattan,263,289.0,0.0,552.0,232,0,289.0,289.0,289,True,True
10005,Manhattan,39,23.0,600.0,662.0,402,0,23.0,23.0,323,True,False
10006,Manhattan,156,72.0,0.0,228.0,131,14,72.0,86.0,86,True,True
10007,Manhattan,284,204.0,400.0,888.0,401,0,204.0,204.0,404,True,False
10009,Manhattan,1784,1140.0,0.0,2924.0,1491,124,1140.0,1264.0,1264,True,True
10010,Manhattan,234,148.0,1600.0,1982.0,1163,0,148.0,148.0,948,True,False
10011,Manhattan,1956,758.0,0.0,2714.0,1031,48,758.0,806.0,806,True,True
10012,Manhattan,24,0.0,800.0,824.0,326,18,0.0,18.0,409,True,False
10013,Manhattan,435,421.0,800.0,1656.0,1016,12,421.0,433.0,833,True,False
10014,Manhattan,1711,401.0,0.0,2112.0,749,71,401.0,472.0,472,True,True
10016,Manhattan,823,787.0,800.0,2410.0,1255,12,787.0,799.0,1199,True,False
10017,Manhattan,107,79.0,100.0,286.0,244,0,79.0,79.0,129,True,False
10018,Manhattan,0,0.0,400.0,400.0,262,0,0.0,0.0,162,True,False
10019,Manhattan,591,485.0,400.0,1476.0,1025,48,485.0,533.0,733,True,False
10021,Manhattan,460,392.0,1600.0,2452.0,1370,0,392.0,392.0,1192,True,False
10022,Manhattan,16,7.0,1600.0,1623.0,899,12,7.0,19.0,819,True,False
10023,Manhattan,1099,1148.0,2400.0,4647.0,2361,18,1148.0,1166.0,2366,True,False
10024,Manhattan,1243,1109.0,3200.0,5552.0,2857,105,1109.0,1214.0,2814,True,False
10025,Manhattan,2513,2525.0,400.0,5438.0,3272,275,2525.0,2800.0,3000,True,False
10026,Manhattan,1706,1116.0,0.0,2822.0,1756,366,1116.0,1482.0,1482,True,True
10027,Manhattan,3693,2074.0,0.0,5767.0,2835,350,2074.0,2424.0,2424,True,True
10028,Manhattan,348,286.0,1600.0,2234.0,1578,60,286.0,346.0,1146,True,False
10029,Manhattan,3358,2286.0,0.0,5644.0,4634,358,2286.0,2644.0,2644,True,True
10030,Manhattan,1272,1077.0,0.0,2349.0,2036,171,1077.0,1248.0,1248,True,True
10031,Manhattan,1577,425.0,1200.0,3202.0,3183,548,425.0,973.0,1573,True,False
10032,Manhattan,3222,724.0,0.0,3946.0,2844,768,724.0,1492.0,1492,True,True
10033,Manhattan,2893,1258.0,0.0,4151.0,3489,880,1258.0,2138.0,2138,True,True
10034,Manhattan,3126,953.0,0.0,4079.0,2784,791,953.0,1744.0,1744,True,True
10035,Manhattan,2059,1486.0,0.0,3545.0,2740,102,1486.0,1588.0,1588,True,True
10036,Manhattan,686,423.0,0.0,1109.0,511,0,423.0,423.0,423,True,True
10037,Manhattan,586,351.0,400.0,1337.0,1237,163,351.0,514.0,714,True,False
10038,Manhattan,802,484.0,0.0,1286.0,664,31,484.0,515.0,515,True,True
10039,Manhattan,1423,1000.0,0.0,2423.0,2220,266,1000.0,1266.0,1266,True,True
10040,Manhattan,2594,435.0,0.0,3029.0,2728,879,435.0,1314.0,1314,True,True
10044,Manhattan,489,414.0,400.0,1303.0,568,12,414.0,426.0,626,True,False
10065,Manhattan,845,847.0,1200.0,2892.0,1334,40,847.0,887.0,1487,True,False
10069,Manhattan,16,0.0,900.0,916.0,411,12,0.0,12.0,460,True,False
10075,Manhattan,235,229.0,1200.0,1664.0,815,0,229.0,229.0,829,True,False
10128,Manhattan,301,261.0,3200.0,3762.0,1826,0,261.0,261.0,1861,True,False
10162,Manhattan,0,0.0,200.0,200.0,51,0,0.0,0.0,90,True,False
10280,Manhattan,509,212.0,0.0,721.0,204,0,212.0,212.0,212,True,True
10282,Manhattan,279,279.0,0.0,558.0,427,0,279.0,279.0,279,True,True
10301,Staten Island,1905,1576.0,0.0,3481.0,1977,278,1576.0,1854.0,1854,True,True
10302,Staten Island,744,502.0,400.0,1646.0,1597,190,502.0,692.0,892,True,False
10303,Staten Island,1609,433.0,0.0,2042.0,2042,486,356.0,842.0,842,True,True
10304,Staten Island,2020,1093.0,0.0,3113.0,2211,397,1093.0,1490.0,1490,True,True
10305,Staten Island,786,552.0,800.0,2138.0,1680,150,552.0,702.0,1102,True,False
10306,Staten Island,578,430.0,2400.0,3408.0,2506,108,430.0,538.0,1738,True,False
10307,Staten Island,259,132.0,1200.0,1591.0,704,0,132.0,132.0,732,True,False
10308,Staten Island,431,508.0,400.0,1339.0,1232,30,508.0,538.0,738,True,False
10309,Staten Island,297,282.0,2000.0,2579.0,1703,9,282.0,291.0,1291,True,False
10310,Staten Island,1136,1051.0,400.0,2587.0,1526,194,1051.0,1245.0,1445,True,False
10312,Staten Island,1140,1119.0,2400.0,4659.0,3249,127,1119.0,1246.0,2446,True,False
10314,Staten Island,1654,1157.0,4400.0,7211.0,4624,156,1157.0,1313.0,3513,True,False
10451,Bronx,3287,1305.0,0.0,4592.0,4441,1025,1305.0,2330.0,2330,True,True
10452,Bronx,6984,746.0,0.0,7730.0,7386,2895,746.0,3641.0,3641,True,True
10453,Bronx,6841,813.0,0.0,7654.0,7494,2838,813.0,3651.0,3651,True,True
10454,Bronx,3163,1319.0,0.0,4482.0,3795,595,1319.0,1914.0,1914,True,True
10455,Bronx,3035,636.0,400.0,4071.0,4071,1002,470.0,1472.0,1672,True,False
10456,Bronx,6897,2139.0,0.0,9036.0,8157,2340,2139.0,4479.0,4479,True,True
10457,Bronx,6559,1980.0,0.0,8539.0,8287,2544,1980.0,4524.0,4524,True,True
10458,Bronx,4657,439.0,2400.0,7496.0,7496,2395,129.0,2524.0,3724,True,False
10459,Bronx,4018,1349.0,0.0,5367.0,4731,1300,1349.0,2649.0,2649,True,True
10460,Bronx,4794,1033.0,0.0,5827.0,5174,1623,1033.0,2656.0,2656,True,True
10461,Bronx,1462,733.0,1600.0,3795.0,3795,414,620.0,1034.0,1834,True,False
10462,Bronx,3425,2178.0,800.0,6403.0,6403,1168,2153.0,3321.0,3721,True,False
10463,Bronx,4249,1780.0,0.0,6029.0,3410,1189,1780.0,2969.0,2969,True,True
10464,Bronx,114,53.0,0.0,167.0,167,12,38.0,50.0,50,True,True
10465,Bronx,1888,1131.0,800.0,3819.0,2302,648,1131.0,1779.0,2179,True,False
10466,Bronx,3192,914.0,1600.0,5706.0,5706,1348,781.0,2129.0,2929,True,False
10467,Bronx,6220,1983.0,0.0,8203.0,8200,2245,1983.0,4228.0,4228,True,True
10468,Bronx,4292,827.0,2400.0,7519.0,7519,2477,771.0,3248.0,4448,True,False
10469,Bronx,2315,999.0,2000.0,5314.0,5280,990,999.0,1989.0,2989,True,False
10470,Bronx,632,470.0,400.0,1502.0,1056,204,470.0,674.0,874,True,False
10471,Bronx,284,169.0,800.0,1253.0,798,108,169.0,277.0,677,True,False
10472,Bronx,3577,1997.0,400.0,5974.0,5974,1381,1967.0,3348.0,3548,True,False
10473,Bronx,3514,1635.0,0.0,5149.0,4631,860,1635.0,2495.0,2495,True,True
10474,Bronx,1164,488.0,0.0,1652.0,1264,180,488.0,668.0,668,True,True
10475,Bronx,1808,1915.0,0.0,3723.0,3141,162,1915.0,2077.0,2077,True,True
11004,Queens,427,396.0,400.0,1223.0,627,0,396.0,396.0,596,True,False
11101,Queens,1616,1324.0,0.0,2940.0,2002,84,1324.0,1408.0,1408,True,True
11102,Queens,1390,826.0,0.0,2216.0,1339,90,826.0,916.0,916,True,True
11103,Queens,524,520.0,800.0,1844.0,993,82,520.0,602.0,1002,True,False
11104,Queens,1229,1134.0,0.0,2363.0,1162,46,1134.0,1180.0,1180,True,True
11105,Queens,830,932.0,800.0,2562.0,1511,70,932.0,1002.0,1402,True,False
11106,Queens,1535,1113.0,0.0,2648.0,1405,186,1113.0,1299.0,1299,True,True
11109,Queens,89,0.0,1200.0,1289.0,469,0,0.0,0.0,586,True,False
11201,Brooklyn,1957,1892.0,2400.0,6249.0,3233,208,1892.0,2100.0,3300,True,False
11203,Brooklyn,3405,2012.0,0.0,5417.0,4969,680,2012.0,2692.0,2692,True,True
11204,Brooklyn,3192,3174.0,2400.0,8766.0,8683,432,3174.0,3606.0,4806,True,False
11205,Brooklyn,918,832.0,4400.0,6150.0,3711,136,832.0,968.0,3168,True,False
11206,Brooklyn,3233,3244.0,2400.0,8877.0,8618,358,3244.0,3602.0,4802,True,False
11207,Brooklyn,6184,2905.0,0.0,9089.0,7862,1346,2905.0,4251.0,4251,True,True
11208,Brooklyn,5054,3700.0,1200.0,9954.0,9814,1218,3700.0,4918.0,5518,True,False
11209,Brooklyn,1423,1441.0,2400.0,5264.0,3229,150,1441.0,1591.0,2791,True,False
11210,Brooklyn,2014,1661.0,400.0,4075.0,3320,456,1661.0,2117.0,2317,True,False
11211,Brooklyn,2453,2578.0,1200.0,6231.0,3396,130,2578.0,2708.0,3308,True,False
11212,Brooklyn,5041,3116.0,0.0,8157.0,7050,810,3116.0,3926.0,3926,True,True
11213,Brooklyn,2143,1969.0,2000.0,6112.0,5698,255,1969.0,2224.0,3224,True,False
11214,Brooklyn,2498,2254.0,2000.0,6752.0,6683,233,2254.0,2487.0,3487,True,False
11215,Brooklyn,3125,2338.0,1200.0,6663.0,4068,870,2338.0,3208.0,3808,True,False
11216,Brooklyn,1778,1668.0,400.0,3846.0,2391,204,1668.0,1872.0,2072,True,False
11217,Brooklyn,1183,1065.0,2400.0,4648.0,2036,198,1065.0,1263.0,2463,True,False
11218,Brooklyn,3087,2570.0,400.0,6057.0,4409,518,2570.0,3088.0,3288,True,False
11219,Brooklyn,2595,1472.0,11200.0,15267.0,13374,1012,1472.0,2484.0,8084,True,False
11220,Brooklyn,2251,1293.0,4800.0,8344.0,8344,396,1059.0,1455.0,3855,True,False
11221,Brooklyn,2971,2186.0,400.0,5557.0,5557,715,2163.0,2878.0,3078,True,False
11222,Brooklyn,672,557.0,2000.0,3229.0,1429,72,557.0,629.0,1629,True,False
11223,Brooklyn,1448,1484.0,5600.0,8532.0,7741,144,1484.0,1628.0,4428,True,False
11224,Brooklyn,1165,1142.0,800.0,3107.0,3107,90,1026.0,1116.0,1516,True,False
11225,Brooklyn,1985,1603.0,0.0,3588.0,3423,433,1603.0,2036.0,2036,True,True
11226,Brooklyn,3099,2511.0,1200.0,6810.0,6519,600,2511.0,3111.0,3711,True,False
11228,Brooklyn,1212,1236.0,400.0,2848.0,1929,84,1236.0,1320.0,1520,True,False
11229,Brooklyn,1840,1698.0,2400.0,5938.0,4173,288,1698.0,1986.0,3186,True,False
11230,Brooklyn,824,367.0,9200.0,10391.0,5803,312,367.0,679.0,5279,True,False
11231,Brooklyn,1462,1182.0,1200.0,3844.0,2293,330,1182.0,1512.0,2112,True,False
11232,Brooklyn,1699,736.0,0.0,2435.0,2040,292,736.0,1028.0,1028,True,True
11233,Brooklyn,3415,3158.0,400.0,6973.0,6405,444,3158.0,3602.0,3802,True,False
11234,Brooklyn,2870,2190.0,400.0,5460.0,4196,720,2190.0,2910.0,3110,True,False
11235,Brooklyn,1753,1346.0,2400.0,5499.0,3293,330,1346.0,1676.0,2876,True,False
11236,Brooklyn,4600,2494.0,400.0,7494.0,7494,1126,2482.0,3608.0,3808,True,False
11237,Brooklyn,1469,1151.0,0.0,2620.0,2409,192,1151.0,1343.0,1343,True,True
11238,Brooklyn,2010,1940.0,1600.0,5550.0,2571,228,1940.0,2168.0,2968,True,False
11239,Brooklyn,802,215.0,0.0,1017.0,931,110,215.0,325.0,325,True,True
11249,Brooklyn,315,87.0,6000.0,6402.0,4806,96,87.0,183.0,3183,True,False
11354,Queens,1253,1154.0,800.0,3207.0,2625,102,1154.0,1256.0,1656,True,False
11355,Queens,3453,2389.0,0.0,5842.0,4520,154,2389.0,2543.0,2543,True,True
11356,Queens,882,816.0,800.0,2498.0,2154,150,816.0,966.0,1366,True,False
11357,Queens,1087,1190.0,400.0,2677.0,1985,72,1190.0,1262.0,1462,True,False
11358,Queens,679,617.0,1200.0,2496.0,2426,132,617.0,749.0,1349,True,False
11360,Queens,485,549.0,0.0,1034.0,620,24,549.0,573.0,573,True,True
11361,Queens,1501,1005.0,0.0,2506.0,1300,144,1005.0,1149.0,1149,True,True
11362,Queens,349,370.0,0.0,719.0,597,48,370.0,418.0,418,True,True
11363,Queens,226,152.0,0.0,378.0,378,75,148.0,223.0,223,True,True
11364,Queens,1330,1208.0,0.0,2538.0,1800,60,1208.0,1268.0,1268,True,True
11365,Queens,1306,1174.0,1200.0,3680.0,3412,162,1174.0,1336.0,1936,True,False
11366,Queens,587,411.0,0.0,998.0,602,144,411.0,555.0,555,True,True
11367,Queens,2205,1537.0,800.0,4542.0,3955,606,1537.0,2143.0,2543,True,False
11368,Queens,3057,2761.0,4000.0,9818.0,9621,502,2761.0,3263.0,5263,True,False
11369,Queens,1444,164.0,400.0,2008.0,2008,592,160.0,752.0,952,True,False
11370,Queens,232,0.0,1400.0,1632.0,1576,174,0.0,174.0,853,True,False
11372,Queens,1767,1706.0,1200.0,4673.0,4670,232,1706.0,1938.0,2538,True,False
11373,Queens,3358,3118.0,800.0,7276.0,7276,246,3014.0,3260.0,3660,True,False
11374,Queens,1851,1551.0,0.0,3402.0,2144,268,1551.0,1819.0,1819,True,True
11375,Queens,1377,1239.0,2800.0,5416.0,3390,262,1239.0,1501.0,2901,True,False
11377,Queens,3046,3097.0,400.0,6543.0,5917,174,3097.0,3271.0,3471,True,False
11378,Queens,632,742.0,1600.0,2974.0,1841,36,742.0,778.0,1578,True,False
11379,Queens,1618,1019.0,0.0,2637.0,1661,106,1019.0,1125.0,1125,True,True
11385,Queens,2974,2408.0,2000.0,7382.0,7290,610,2408.0,3018.0,4018,True,False
11411,Queens,745,423.0,0.0,1168.0,761,192,423.0,615.0,615,True,True
11412,Queens,1674,989.0,0.0,2663.0,2572,418,989.0,1407.0,1407,True,True
11413,Queens,2309,860.0,0.0,3169.0,2928,556,860.0,1416.0,1416,True,True
11414,Queens,828,729.0,1200.0,2757.0,1667,114,729.0,843.0,1443,True,False
11415,Queens,63,0.0,1600.0,1663.0,897,47,0.0,47.0,784,True,False
11416,Queens,577,122.0,1600.0,2299.0,2191,234,122.0,356.0,1156,True,False
11417,Queens,838,607.0,1200.0,2645.0,2645,234,515.0,749.0,1349,True,False
11418,Queens,1594,1284.0,0.0,2878.0,2866,294,1284.0,1578.0,1578,True,True
11419,Queens,1090,795.0,800.0,2685.0,2685,276,629.0,905.0,1305,True,False
11420,Queens,1895,1244.0,0.0,3139.0,2996,414,1244.0,1658.0,1658,True,True
11421,Queens,1294,780.0,800.0,2874.0,2840,420,780.0,1200.0,1600,True,False
11422,Queens,1173,2.0,800.0,1975.0,1975,492,0.0,492.0,868,True,False
11423,Queens,489,92.0,1200.0,1781.0,1779,148,92.0,240.0,840,True,False
11426,Queens,711,782.0,0.0,1493.0,836,48,782.0,830.0,830,True,True
11427,Queens,191,173.0,2000.0,2364.0,1170,54,173.0,227.0,1227,True,False
11428,Queens,545,354.0,400.0,1299.0,1056,96,354.0,450.0,650,True,False
11429,Queens,357,0.0,1200.0,1557.0,1511,224,0.0,224.0,732,True,False
11430,Queens,0,0.0,100.0,100.0,19,0,0.0,0.0,0,True,True
11432,Queens,1232,1254.0,2800.0,5286.0,4706,132,1254.0,1386.0,2786,True,False
11433,Queens,2089,1664.0,0.0,3753.0,3259,228,1664.0,1892.0,1892,True,True
11434,Queens,3225,2121.0,0.0,5346.0,5346,851,1962.0,2813.0,2813,True,True
11435,Queens,1759,1573.0,2800.0,6132.0,4961,252,1573.0,1825.0,3225,True,False
11436,Queens,256,0.0,1200.0,1456.0,1426,198,0.0,198.0,608,True,False
11691,Queens,2880,2107.0,2400.0,7387.0,7312,725,2107.0,2832.0,4032,True,False
11692,Queens,902,353.0,1200.0,2455.0,2455,290,249.0,539.0,1139,True,False
11693,Queens,328,242.0,400.0,970.0,593,12,242.0,254.0,454,True,False
11694,Queens,752,881.0,0.0,1633.0,1157,30,881.0,911.0,911,True,True
11697,Queens,0,0.0,400.0,400.0,274,0,0.0,0.0,154,True,False
