,zipcode,borough,pop_0_5,pop_6_12,pop_0_12,average income,employment rate,n_facilities,total_slots,slots_0_5
0,10001,Manhattan,744,1255,1999,102878.03360298694,0.5950970226633091,9,609,24
1,10002,Manhattan,2142,4645,6787,59604.04116465864,0.5206618050654748,56,4724,216
2,10003,Manhattan,1440,1510,2950,114273.04964539009,0.4972437218107912,7,1995,0
3,10004,Manhattan,433,262,695,132004.3103448276,0.5066608429788163,2,263,0
4,10005,Manhattan,484,318,802,121437.7133105802,0.6658334280195433,1,39,0
5,10006,Manhattan,128,133,261,126377.1186440678,0.6316916488222698,1,156,14
6,10007,Manhattan,605,596,1201,138853.90428211587,0.528910205169198,3,284,0
7,10009,Manhattan,1896,2575,4471,77133.23353293413,0.5145674278475812,23,1784,124
8,10010,Manhattan,1422,2066,3488,116272.69881026926,0.4927491514964517,3,234,0
9,10011,Manhattan,1209,1882,3091,120420.79207920792,0.5569999212164185,7,1956,48
10,10012,Manhattan,613,364,977,111131.78633975482,0.5382730015082956,2,24,18
11,10013,Manhattan,1249,1796,3045,106023.04469273744,0.4861983499134213,5,435,12
12,10014,Manhattan,708,789,1497,124233.12883435584,0.6086012015885408,6,1711,71
13,10016,Manhattan,1798,1966,3764,109298.7308818744,0.5652117934852582,3,823,12
14,10017,Manhattan,193,293,486,118061.72291296624,0.7773022228358415,2,107,0
15,10018,Manhattan,242,280,522,108746.18902439025,0.757593255572237,0,0,0
16,10019,Manhattan,1099,949,2048,107014.96779082986,0.6170789879811065,12,591,48
17,10021,Manhattan,1787,2321,4108,124193.91462306994,0.5418040450765218,1,460,0
18,10022,Manhattan,1228,1466,2694,124320.79414838034,0.5698803072708867,1,16,12
19,10023,Manhattan,3548,3533,7081,121776.25639482395,0.5057376799683438,9,1099,18
20,10024,Manhattan,4221,4349,8570,118313.14878892733,0.4603816866855704,14,1243,105
21,10025,Manhattan,4499,5314,9813,93258.39398919934,0.4391264898750361,35,2513,275
22,10026,Manhattan,2222,3043,5265,65380.718008106545,0.4513262772768849,43,1706,366
23,10027,Manhattan,3636,4867,8503,61675.983037779486,0.3941889797282922,58,3693,350
24,10028,Manhattan,1719,3012,4731,117822.24532224532,0.5260625150381696,3,348,60
25,10029,Manhattan,3965,5301,9266,48339.6723229959,0.4520326923585579,68,3358,358
26,10030,Manhattan,1872,2199,4071,48373.42271293375,0.4055264167839325,28,1272,171
27,10031,Manhattan,2359,4006,6365,48674.798239178286,0.4465631347880217,60,1577,548
28,10032,Manhattan,2238,3448,5686,46467.4900108972,0.4551917989417989,82,3222,768
29,10033,Manhattan,3206,3770,6976,52235.16527279968,0.4276881674643593,91,2893,880
30,10034,Manhattan,2615,2951,5566,50708.04658549497,0.4544142410392109,79,3126,791
31,10035,Manhattan,2382,3097,5479,50944.669365721995,0.3839875631558492,29,2059,102
32,10036,Manhattan,634,898,1532,94940.64443188242,0.5719366311024895,3,686,0
33,10037,Manhattan,1070,1402,2472,57120.58212058212,0.5026648552617828,18,586,163
34,10038,Manhattan,772,1219,1991,95681.62574089757,0.5059332562224221,9,802,31
35,10039,Manhattan,1898,2541,4439,47026.16970658208,0.4219225750326228,34,1423,266
36,10040,Manhattan,1970,3484,5454,50772.05882352941,0.4673218335509587,86,2594,879
37,10044,Manhattan,939,764,1703,86945.03171247357,0.3992908998818166,5,489,12
38,10065,Manhattan,2230,1770,4000,120720.64643799471,0.491266729317217,5,845,40
39,10069,Manhattan,690,541,1231,133653.84615384616,0.519252276721521,1,16,12
40,10075,Manhattan,1243,1199,2442,120113.13056379822,0.5635451505016722,1,235,0
41,10128,Manhattan,2791,2686,5477,111992.48721227625,0.5517241379310345,3,301,0
42,10162,Manhattan,134,17,151,137335.52631578947,0.4990151017728168,0,0,0
43,10280,Manhattan,318,293,611,134397.5903614458,0.4692977496324776,1,509,0
44,10282,Manhattan,418,861,1279,152181.6037735849,0.3286821705426356,2,279,0
45,10301,Staten Island,2780,3148,5928,66913.36230309615,0.4564726885026406,32,1905,278
46,10302,Staten Island,1338,1855,3193,57217.51412429378,0.4766521247374374,19,744,190
47,10303,Staten Island,1262,2821,4083,52778.861154446175,0.4733596721190414,49,1609,486
48,10304,Staten Island,2234,4396,6630,61216.41074856045,0.4645149786019971,42,2020,397
49,10305,Staten Island,1653,3386,5039,64277.19465648855,0.496553031200398,20,786,150
50,10306,Staten Island,2606,4911,7517,73657.31115731115,0.5132309005548442,15,578,108
51,10307,Staten Island,1098,1011,2109,86900.43604651163,0.4662826160623517,3,259,0
52,10308,Staten Island,1106,2587,3693,81452.4647887324,0.4721529509559434,6,431,30
53,10309,Staten Island,1936,3172,5108,85576.92307692306,0.4602763385146804,5,297,9
54,10310,Staten Island,2167,2408,4575,67453.42929720576,0.4500933724608407,25,1136,194
55,10312,Staten Island,3668,6076,9744,83484.34925864909,0.4781560663589242,16,1140,127
56,10314,Staten Island,5269,8600,13869,74144.03778040141,0.448836839595146,22,1654,156
57,10451,Bronx,3494,5387,8881,40553.319919517104,0.4843016117401726,113,3287,1025
58,10452,Bronx,5461,9309,14770,35306.24661979448,0.4703398453398453,287,6984,2895
59,10453,Bronx,5476,9510,14986,34474.69021882415,0.4718542016545375,278,6841,2838
60,10454,Bronx,2870,4718,7588,35661.76470588235,0.389063374966523,71,3163,595
61,10455,Bronx,2507,5634,8141,35785.48644338118,0.4238395673726904,111,3035,1002
62,10456,Bronx,6718,9594,16312,34503.467062902426,0.4558848433530906,237,6897,2340
63,10457,Bronx,6785,9788,16573,34633.56973995271,0.4239698309883859,249,6559,2544
64,10458,Bronx,5585,9406,14991,35868.3314415437,0.4262318875638017,226,4657,2395
65,10459,Bronx,3973,5488,9461,36056.161891768985,0.4231775844815642,135,4018,1300
66,10460,Bronx,3983,6363,10346,36095.55804404629,0.4476040900888859,164,4794,1623
67,10461,Bronx,2750,4838,7588,57890.49919484702,0.4883227176220807,42,1462,414
68,10462,Bronx,5581,7224,12805,49331.55080213904,0.508481160170918,115,3425,1168
69,10463,Bronx,4453,5775,10228,65918.80341880342,0.4826732673267326,118,4249,1189
70,10464,Bronx,75,424,499,84418.6046511628,0.5009319664492078,3,114,12
71,10465,Bronx,3268,3635,6903,67554.12890231621,0.4288398004793677,62,1888,648
72,10466,Bronx,4393,7017,11410,47724.43890274314,0.4438725388457654,127,3192,1348
73,10467,Bronx,6341,10057,16398,42034.178610804855,0.459412640685624,214,6220,2245
74,10468,Bronx,6671,8366,15037,37413.79310344827,0.445348108652653,230,4292,2477
75,10469,Bronx,4483,6076,10559,53108.54753793744,0.4493334446578164,94,2315,990
76,10470,Bronx,1311,799,2110,58968.83289124668,0.4899285250162443,19,632,204
77,10471,Bronx,1015,1376,2391,91633.16582914571,0.4347256204124432,10,284,108
78,10472,Bronx,5321,6625,11946,37918.66028708134,0.4482024416770063,135,3577,1381
79,10473,Bronx,3742,5518,9260,46564.818085482155,0.4711501655932231,90,3514,860
80,10474,Bronx,1001,1525,2526,35229.54091816367,0.4441489361702128,21,1164,180
81,10475,Bronx,3115,3165,6280,56136.161705908475,0.5172691132201209,23,1808,162
82,11004,Queens,894,985,1879,76746.32352941176,0.4330658514838874,2,427,0
83,11101,Queens,2111,1891,4002,91603.38785046728,0.7491467078969631,16,1616,84
84,11102,Queens,1373,1303,2676,67476.42744892614,0.7052347704015663,17,1390,90
85,11103,Queens,1502,1474,2976,63495.96570852244,0.570614640883978,9,524,82
86,11104,Queens,1769,1716,3485,66906.22861054073,0.5423363896209956,10,1229,46
87,11105,Queens,2103,2427,4530,68860.90814196243,0.494375064506141,8,830,70
88,11106,Queens,1948,2266,4214,66533.1940575673,0.5358475546047067,27,1535,186
89,11109,Queens,878,528,1406,133892.85714285713,0.4807692307692308,1,89,0
90,11201,Brooklyn,4950,4746,9696,117507.86388332857,0.5013260698157839,30,1957,208
91,11203,Brooklyn,4037,5899,9936,50698.51913942442,0.4558887218811301,78,3405,680
92,11204,Brooklyn,7209,10156,17365,51748.09830310123,0.4242010549177785,50,3192,432
93,11205,Brooklyn,4751,6381,11132,72222.22222222222,0.3720264711142908,20,918,136
94,11206,Brooklyn,7202,10032,17234,51560.84305408271,0.4193487420649479,57,3233,358
95,11207,Brooklyn,6376,9346,15722,42837.47363487227,0.4408012313922377,153,6184,1346
96,11208,Brooklyn,8276,11351,19627,40213.28593645857,0.4160658162322055,130,5054,1218
97,11209,Brooklyn,4186,5498,9684,74627.30195849166,0.4763827772517128,20,1423,150
98,11210,Brooklyn,3475,6483,9958,61197.28128267689,0.4523381578532463,51,2014,456
99,11211,Brooklyn,4961,5224,10185,82047.45443117537,0.4857199554273328,29,2453,130
100,11212,Brooklyn,5889,8210,14099,39632.59000537345,0.4430635906959027,107,5041,810
101,11213,Brooklyn,4835,6559,11394,49651.68930686173,0.4152984912701971,41,2143,255
102,11214,Brooklyn,5230,8134,13364,51150.96359743041,0.462905854883475,32,2498,233
103,11215,Brooklyn,5712,6491,12203,107133.58778625954,0.4547726830893993,85,3125,870
104,11216,Brooklyn,3107,4063,7170,65817.74081774082,0.4627002068202587,32,1778,204
105,11217,Brooklyn,3694,2413,6107,102531.34040501446,0.4818213497502613,24,1183,198
106,11218,Brooklyn,4931,8293,13224,65583.38377723971,0.450639679205652,59,3087,518
107,11219,Brooklyn,12125,14622,26747,44299.33061699651,0.3723329323927484,91,2595,1012
108,11220,Brooklyn,5782,10905,16687,37017.22832260508,0.5679081369344573,44,2251,396
109,11221,Brooklyn,4616,6497,11113,53503.67197062424,0.4477399272217107,79,2971,715
110,11222,Brooklyn,2443,1843,4286,89192.82029234737,0.5795151605750305,11,672,72
111,11223,Brooklyn,6642,8838,15480,55444.328669246795,0.4192827630971253,19,1448,144
112,11224,Brooklyn,2274,3939,6213,50012.23091976516,0.4267847075773077,17,1165,90
113,11225,Brooklyn,3053,3791,6844,59241.72637325145,0.5012312743689719,51,1985,433
114,11226,Brooklyn,5566,7471,13037,51581.9099378882,0.5098314745727489,80,3099,600
115,11228,Brooklyn,2279,3507,5786,60916.66666666667,0.4751561227260386,13,1212,84
116,11229,Brooklyn,4778,7738,12516,63066.07521186441,0.4655463635354893,36,1840,288
117,11230,Brooklyn,7918,9489,17407,61947.777474775015,0.4063383012909302,28,824,312
118,11231,Brooklyn,3167,3710,6877,99623.89380530972,0.4365293981302635,37,1462,330
119,11232,Brooklyn,1542,2537,4079,52851.94174757282,0.4392792408572342,32,1699,292
120,11233,Brooklyn,5703,7106,12809,50900.47393364929,0.3807518796992481,62,3415,444
121,11234,Brooklyn,4665,7920,12585,69030.64861012118,0.4677914110429448,74,2870,720
122,11235,Brooklyn,4313,5564,9877,60106.056890632666,0.4909171893245374,39,1753,330
123,11236,Brooklyn,5712,9275,14987,53505.434782608696,0.4596231090505785,123,4600,1126
124,11237,Brooklyn,2014,2802,4816,49178.7542662116,0.496789097768264,26,1469,192
125,11238,Brooklyn,4452,3258,7710,91554.80984340044,0.5390459455269007,32,2010,228
126,11239,Brooklyn,487,1374,1861,46691.17647058824,0.4854831032841504,16,802,110
127,11249,Brooklyn,4774,4836,9610,55444.33,0.455889,10,315,96
128,11354,Queens,2484,2765,5249,45820.251177394035,0.5967660339884956,18,1253,102
129,11355,Queens,3814,5224,9038,36375.873795579064,0.6658280394993396,34,3453,154
130,11356,Queens,2049,2258,4307,47101.851851851854,0.4885639837869137,17,882,150
131,11357,Queens,2193,3760,5953,74928.46924177397,0.4900448681996635,13,1087,72
132,11358,Queens,2023,2827,4850,59587.37864077671,0.5471883549818046,14,679,132
133,11360,Queens,859,999,1858,88817.0731707317,0.5198032354581875,4,485,24
134,11361,Queens,1723,2176,3899,69375.86926286509,0.4867316544814514,18,1501,144
135,11362,Queens,626,1163,1789,80604.3956043956,0.4938673613372408,7,349,48
136,11363,Queens,334,797,1131,89290.83094555873,0.4738628649015614,6,226,75
137,11364,Queens,1901,3497,5398,71153.84615384616,0.4876193473927185,16,1330,60
138,11365,Queens,2904,3918,6822,59569.00401965163,0.4822936412200586,20,1306,162
139,11366,Queens,832,971,1803,69285.71428571429,0.5124826121970861,14,587,144
140,11367,Queens,3814,4094,7908,58402.06185567011,0.4481818601857413,60,2205,606
141,11368,Queens,7894,11346,19240,37360.08394963022,0.4437250554323725,61,3057,502
142,11369,Queens,1428,2586,4014,45303.27428878153,0.5789849892780558,55,1444,592
143,11370,Queens,1279,1871,3150,52810.492505353315,0.4974435449510013,15,232,174
144,11372,Queens,3806,5533,9339,55456.262714327226,0.5135744242623245,28,1767,232
145,11373,Queens,5489,9062,14551,43863.54943583859,0.5095597263637959,33,3358,246
146,11374,Queens,2728,3703,6431,68042.50320375909,0.4956595384289646,33,1851,268
147,11375,Queens,4351,5816,10167,89112.78837937908,0.4668138063075041,30,1377,262
148,11377,Queens,5206,6626,11832,52190.35698737484,0.5281856122883061,30,3046,174
149,11378,Queens,2367,3155,5522,60131.43483023002,0.4652229299363057,7,632,36
150,11379,Queens,1687,3294,4981,72842.22100054976,0.4754188337994302,14,1618,106
151,11385,Queens,6027,8551,14578,56635.8024691358,0.4682480264591882,65,2974,610
152,11411,Queens,922,1359,2281,61994.70644850818,0.487130198321534,21,745,192
153,11412,Queens,2110,3033,5143,53815.85743801653,0.4769295198679575,47,1674,418
154,11413,Queens,2123,3731,5854,58580.26131591227,0.4780067808708065,59,2309,556
155,11414,Queens,2164,2835,4999,76196.70905011219,0.44017910054652,13,828,114
156,11415,Queens,1176,1513,2689,71841.82590233546,0.4636967757814423,5,63,47
157,11416,Queens,1734,2647,4381,44281.6091954023,0.4695257969345902,22,577,234
158,11417,Queens,2023,3265,5288,53020.833333333336,0.5,23,838,234
159,11418,Queens,2366,3365,5731,50623.98263700488,0.4809875512174753,30,1594,294
160,11419,Queens,1957,3411,5368,43174.27790788446,0.5326846307385229,27,1090,276
161,11420,Queens,2487,3504,5991,50056.352459016394,0.4770003714347154,45,1895,414
162,11421,Queens,2399,3280,5679,48021.92564346997,0.504909510974201,39,1294,420
163,11422,Queens,1301,2648,3949,58648.52398523985,0.5034679217240525,48,1173,492
164,11423,Queens,1260,2297,3557,54796.32063074902,0.50867283847465,15,489,148
165,11426,Queens,1244,1263,2507,70276.31578947368,0.4814270511326204,7,711,48
166,11427,Queens,1840,1667,3507,65363.48267117498,0.4696867431611545,6,191,54
167,11428,Queens,975,1136,2111,56970.91273821464,0.5098701033036719,11,545,96
168,11429,Queens,1097,1924,3021,52782.012195121955,0.4711797450170587,22,357,224
169,11430,Queens,0,37,37,59108.76,0.486931,0,0,0
170,11432,Queens,4178,5232,9410,53037.4246186591,0.4386319785896558,19,1232,132
171,11433,Queens,2837,3679,6516,44920.749279538904,0.4464170847806509,30,2089,228
172,11434,Queens,4219,6471,10690,52329.7354819094,0.4823853803056525,89,3225,851
173,11435,Queens,4837,5084,9921,51125.46125461255,0.4519604409532863,33,1759,252
174,11436,Queens,912,1939,2851,49839.10891089109,0.4730900744765562,17,256,198
175,11691,Queens,6048,8574,14622,47078.33904109589,0.3319832302991544,79,2880,725
176,11692,Queens,1708,3201,4909,50110.01100110011,0.369752684672958,30,902,290
177,11693,Queens,681,1096,1777,61620.92624356775,0.4300044254314795,4,328,12
178,11694,Queens,1366,2103,3469,84441.93912063134,0.4071048283458784,8,752,30
179,11697,Queens,230,317,547,100870.90163934426,0.6183476938672073,0,0,0
